approach,kind,n_pids,n_human,n_ai,auc_mean,auc_std,auc_ci_low,auc_ci_high
o4-mini,llm,81,162,324,0.99873046875,0.0025744973293875127,0.99638671875,1.0
Human post-edit,edited,81,162,324,0.9710738132569204,0.013192111015190884,0.9596480320069205,0.9800382515138409
Claude Opus 4.7,claude-opus-4-7,81,162,324,0.9517371999351212,0.010805588134833845,0.943827043685121,0.9600379811851212
GPT-5.5,gpt-5.5,81,162,324,0.9307630703935986,0.008304627130426042,0.9236254882812499,0.9365247891435986
