a,b,label_a,label_b,n,mean_a,mean_b,median_diff,g,ci_low,ci_high,p_perm,p_wilcoxon,wilcoxon_stat,p_perm_bh,bh_reject
sim_o4_mini,sim_human_edit,o4-mini draft,Human post-edit,324,0.4982414111311053,0.5461547721499278,-0.030619487166404724,-0.4773801301740472,-0.5610218124571417,-0.40178433445825745,9.999000099990002e-05,5.517818905638285e-37,2344.0,0.00011998800119988002,True
sim_o4_mini,sim_opus,o4-mini draft,Claude Opus 4.7,324,0.4982414111311053,0.6426645701314196,-0.1506546586751938,-1.566210552944247,-1.768658842269969,-1.385957950904141,9.999000099990002e-05,1.5179785382250445e-45,2423.0,0.00011998800119988002,True
sim_o4_mini,sim_gpt55,o4-mini draft,GPT-5.5,324,0.4982414111311053,0.6494748705515155,-0.15804852545261383,-1.6138746121444834,-1.8123287444889278,-1.4474063832925406,9.999000099990002e-05,3.898897249465696e-48,1726.0,0.00011998800119988002,True
sim_human_edit,sim_opus,Human post-edit,Claude Opus 4.7,324,0.5461547721499278,0.6426645701314196,-0.1025300920009613,-1.0175946695643092,-1.1884838812258889,-0.8674386372155971,9.999000099990002e-05,3.3150751977762175e-30,7054.0,0.00011998800119988002,True
sim_human_edit,sim_gpt55,Human post-edit,GPT-5.5,324,0.5461547721499278,0.6494748705515155,-0.1095704734325409,-1.072934801474268,-1.2470922059264362,-0.9186442737889583,9.999000099990002e-05,2.694316754640127e-33,6037.0,0.00011998800119988002,True
sim_opus,sim_gpt55,Claude Opus 4.7,GPT-5.5,324,0.6426645701314196,0.6494748705515155,-0.0034326910972595215,-0.07759806202196678,-0.19437855575043936,0.027875457535847727,0.141985801419858,0.19949173330991232,24160.0,0.141985801419858,False
