a,b,label_a,label_b,n,mean_a,mean_b,median_diff,g,ci_low,ci_high,p_perm,p_wilcoxon,wilcoxon_stat,p_perm_bh,bh_reject
sim_o4_mini,sim_human_edit,o4-mini draft,Human post-edit,324,0.4982414111311053,0.5461547721499278,-0.030619487166404724,-0.4773801301740472,-0.554454234902178,-0.40520478640174673,9.999000099990002e-05,5.517818905638285e-37,2344.0,0.00011998800119988002,True
sim_o4_mini,sim_opus,o4-mini draft,Claude Opus 4.7,324,0.4982414111311053,0.6426645701314196,-0.1506546586751938,-1.566210552944247,-1.7545108917865786,-1.3814176418918362,9.999000099990002e-05,1.5179785382250445e-45,2423.0,0.00011998800119988002,True
sim_o4_mini,sim_gpt55,o4-mini draft,GPT-5.5,324,0.4982414111311053,0.6494748705515155,-0.15804852545261383,-1.6138746121444834,-1.7981044241405504,-1.4423788030990417,9.999000099990002e-05,3.898897249465696e-48,1726.0,0.00011998800119988002,True
sim_human_edit,sim_opus,Human post-edit,Claude Opus 4.7,324,0.5461547721499278,0.6426645701314196,-0.1025300920009613,-1.0175946695643092,-1.181470251580953,-0.862090967906213,9.999000099990002e-05,3.3150751977762175e-30,7054.0,0.00011998800119988002,True
sim_human_edit,sim_gpt55,Human post-edit,GPT-5.5,324,0.5461547721499278,0.6494748705515155,-0.1095704734325409,-1.072934801474268,-1.237731240862232,-0.9018641198316821,9.999000099990002e-05,2.694316754640127e-33,6037.0,0.00011998800119988002,True
sim_opus,sim_gpt55,Claude Opus 4.7,GPT-5.5,324,0.6426645701314196,0.6494748705515155,-0.0034326910972595215,-0.07759806202196678,-0.1836556424975071,0.02228297412882831,0.14158584141585842,0.19949173330991232,24160.0,0.14158584141585842,False
