chi2,p,k,n
419.2974326862872,1.462017611495535e-90,4,324
