r,p,ci_low,ci_high,dof,n,paper_r,paper_se,paper_p
0.24433844733190996,3.6330926544681053e-09,0.17,0.32,566,648,0.244,0.076,<.0001
