name,n,paired,mean_x,mean_y,g,ci_low,ci_high,p,n_perm,p_bh,bh_reject,paper_g,paper_ci_low,paper_ci_high,paper_p,matches_paper
H1a (sim_edited_control_self vs sim_llm_control_self),324,True,0.579215796549379,0.5317129085277333,0.5249522686321317,0.44736702763563063,0.6100385695554044,9.999000099990002e-05,10000,9.999000099990002e-05,True,0.55,0.38,0.71,0.0002,True
H1b (sim_edited_llm_other vs sim_llm_llm_other),324,True,0.6673220987397211,0.7036147402967384,-0.6281379232155011,-0.7063921371634015,-0.5521595665578884,9.999000099990002e-05,10000,9.999000099990002e-05,True,-0.41,-0.44,-0.39,0.0002,False
H1a' (sim_edited_control_other vs sim_edited_control_self),324,True,0.4938754668959451,0.579215796549379,-1.1674365786559397,-1.319460211406559,-1.0365927386208897,9.999000099990002e-05,10000,9.999000099990002e-05,True,-0.56,-0.7,-0.43,0.0002,False
H1c (sim_edited_control_self vs sim_edited_llm_other),324,True,0.579215796549379,0.6673220987397211,-1.0682620837106818,-1.2651332703914278,-0.8638798172968116,9.999000099990002e-05,10000,9.999000099990002e-05,True,-1.43,-1.55,-1.32,0.0002,False
H2a (pool_edited vs pool_control),51840,False,0.6454947299786763,0.507112879253188,1.3467655192740955,1.3248879290599367,1.3672637357204,9.999000099990002e-05,10000,9.999000099990002e-05,True,1.42,1.33,1.51,0.0002,True
H2b (pool_edited vs pool_llm),51840,False,0.6454947299786763,0.7036147421651324,-0.5936575072484069,-0.6063713145020845,-0.5823790406145595,9.999000099990002e-05,10000,9.999000099990002e-05,True,-0.69,-0.74,-0.63,0.0002,False
H2c (sim_edited_edited_other vs sim_edited_control_self),324,True,0.645494729788675,0.579215796549379,0.8531562389036147,0.6881082182578778,1.0496338277603472,9.999000099990002e-05,10000,9.999000099990002e-05,True,1.14,1.02,1.26,0.0002,True
