name,n,g,ci_low,ci_high,p,mean_x,mean_y
claude-opus-4-7: mimic vs o4-mini (heldout),324,1.5662105386331175,1.3884984753621303,1.76583667245981,9.999000099990002e-05,0.6426645711432268,0.49824141481040435
claude-opus-4-7: mimic vs human-edited (heldout),324,1.0175948315181393,0.8575853648970434,1.187349302831044,9.999000099990002e-05,0.6426645711432268,0.5461547640554699
claude-opus-4-7: mimic self vs other-author heldout (targeting),324,1.8242643189758714,1.6561409736114987,2.0129450280125094,9.999000099990002e-05,0.6426645711432268,0.5194534817635784
gpt-5.5: mimic vs o4-mini (heldout),324,1.6138745849627338,1.4370671093643446,1.8188383018822243,9.999000099990002e-05,0.6494748684359185,0.49824141481040435
gpt-5.5: mimic vs human-edited (heldout),324,1.0729349436374804,0.919571714611516,1.2477551008426753,9.999000099990002e-05,0.6494748684359185,0.5461547640554699
gpt-5.5: mimic self vs other-author heldout (targeting),324,1.7855940717826357,1.5992402213412444,1.9991794275929318,9.999000099990002e-05,0.6494748684359185,0.5224832071675517
