name,n,g,ci_low,ci_high,p,mean_x,mean_y
claude-opus-4-7: mimic vs o4-mini (heldout),324,1.5662105593347317,1.3884984941125398,1.7658365963616842,9.999000099990002e-05,0.6426645703153846,0.4982414111311053
claude-opus-4-7: mimic vs human-edited (heldout),324,1.0175946742036874,0.857585236951584,1.1873491746515499,9.999000099990002e-05,0.6426645703153846,0.5461547721499278
claude-opus-4-7: mimic self vs other-author heldout (targeting),324,1.8242643309858495,1.6561409989253546,2.0129450922044874,9.999000099990002e-05,0.6426645703153846,0.5194534786516961
