name,n,g,ci_low,ci_high,p,mean_gpt,mean_opus
"gpt-5.5 vs claude-opus-4-7 (heldout, paired)",324,0.0775980292792565,-0.025080280322770362,0.18436050463582176,0.1377862213778622,0.6494748684359185,0.6426645711432268
